movie_id,title,genre
1001,House of Screams 37,Horror
1002,Jungle Run 101,Adventure Family
1003,Love Beyond Time 227,Romance
1004,Crystal Kingdom 48,Fantasy
1005,Galactic Rift 258,Sci-Fi Family Music
1006,Quantum Drift 22,Sci-Fi Adventure
1007,Rise of a Visionary 127,Biography Action Fantasy
1008,Melody Within 274,Music Family
1009,Our Big Adventure 298,Family Animation
1010,The Hidden Cipher 219,Mystery
1011,Legacy of Courage 8,Biography Fantasy Crime
1012,Jungle Run 124,Adventure
1013,The Haunting Veil 215,Horror Mystery Crime
1014,Laugh Riot 192,Comedy Horror Biography
1015,Silent Echoes 230,Drama
1016,Echoes in the Dark 252,Horror Thriller
1017,Midnight Chase 211,Thriller Comedy Action
1018,Midnight Chase 90,Thriller Adventure Comedy
1019,Dragon’s Oath 171,Fantasy
1020,Legacy of Courage 293,Biography Adventure
1021,House of Screams 236,Horror Thriller Sci-Fi
1022,Legacy of Courage 153,Biography Comedy Family
1023,Treasure of Orion 136,Adventure
1024,Whispers of You 69,Romance
1025,Beyond the Map 270,Adventure Horror
1026,Weekend Chaos 21,Comedy Mystery Crime
1027,Against All Odds 176,Biography Music Drama
1028,Midnight Chase 262,Thriller Adventure
1029,Treasure of Orion 230,Adventure
1030,Underworld Pact 194,Crime Sci-Fi
1031,Legacy of Courage 295,Biography Action
1032,Whispers of You 42,Romance Mystery
1033,Lost Expedition 101,Adventure
1034,Harmony Road 63,Music Horror
1035,The Vanishing Code 71,Thriller Biography
1036,Whispers of You 132,Romance
1037,Crimson Night 32,Horror Mystery Adventure
1038,House of Screams 15,Horror Adventure
1039,Last Promise 109,Drama Romance Crime
1040,City of Lies 32,Crime Romance
1041,Eternal Hearts 89,Romance Drama
1042,Rogue Assault 299,Action Fantasy Comedy
1043,Crimson Force 100,Action
1044,Eternal Hearts 48,Romance Fantasy
1045,Shadow Strike 98,Action Drama Crime
1046,Home Together 231,Family Drama
1047,Enigma Files 102,Mystery Horror Romance
1048,Treasure of Orion 265,Adventure
1049,Dreamland Tales 64,Animation Thriller Mystery
1050,The Vanishing Code 284,Thriller Family
1051,Enigma Files 136,Mystery Animation
1052,Jungle Run 18,Adventure Thriller
1053,The Haunting Veil 248,Horror
1054,Against All Odds 208,Biography
1055,The Hidden Cipher 67,Mystery Comedy Fantasy
1056,The Golden Summer 50,Family
1057,Crimson Force 121,Action Crime
1058,Harmony Road 105,Music Sci-Fi Adventure
1059,Home Together 8,Family Fantasy Romance
1060,The Locked Room 232,Mystery Biography Fantasy
1061,Dreamland Tales 41,Animation Romance Biography
1062,Iron Vengeance 243,Action Romance
1063,Midnight Chase 270,Thriller
1064,Underworld Pact 4,Crime Horror Animation
1065,Whispers of You 211,Romance Horror
1066,Home Together 260,Family Biography Horror
1067,Shadows of Doubt 173,Mystery Adventure
1068,Our Big Adventure 128,Family
1069,The Final Heist 179,Crime Romance Drama
1070,The Vanishing Code 291,Thriller Action
1071,Broken Paths 218,Drama
1072,Magic Paws 89,Animation
1073,Lost Expedition 217,Adventure Thriller
1074,Weekend Chaos 72,Comedy Crime
1075,Eternal Hearts 73,Romance Thriller Action
1076,Family Circus 138,Comedy
1077,Weekend Chaos 253,Comedy
1078,Blood Ledger 162,Crime
1079,Dragon’s Oath 133,Fantasy
1080,Echoes in the Dark 105,Horror Adventure
1081,Legacy of Courage 230,Biography
1082,Enigma Files 299,Mystery Music
1083,The Awkward Guest 69,Comedy
1084,Magic Paws 58,Animation
1085,Beyond the Map 123,Adventure
1086,Last Promise 52,Drama Fantasy
1087,Treasure of Orion 279,Adventure Thriller Romance
1088,The Final Encore 6,Music Action
1089,Beyond the Map 148,Adventure Biography Comedy
1090,Rhythm of Life 75,Music Fantasy
1091,Fatal Signal 28,Thriller Action
1092,The Untold Story 293,Biography
1093,Stellar Awakening 43,Sci-Fi
1094,The Awkward Guest 80,Comedy Music
1095,Legacy of Courage 29,Biography
1096,Broken Paths 50,Drama
1097,Whispers of You 241,Romance
1098,Beyond the Map 221,Adventure Sci-Fi Action
1099,Eternal Hearts 31,Romance
1100,Jungle Run 79,Adventure
1101,The Final Encore 227,Music Fantasy
1102,Shadows of Doubt 228,Mystery Fantasy Comedy
1103,The Untold Story 263,Biography Fantasy Mystery
1104,Blood Ledger 146,Crime Music
1105,The Little Explorer 45,Animation
1106,The Locked Room 122,Mystery Fantasy
1107,Dragon’s Oath 20,Fantasy
1108,Treasure of Orion 88,Adventure Biography Mystery
1109,The Arcane Crown 41,Fantasy Sci-Fi Drama
1110,Shadows of Doubt 37,Mystery Thriller
1111,Beyond the Map 257,Adventure
1112,Iron Vengeance 191,Action Adventure
1113,The Arcane Crown 30,Fantasy Horror
1114,Legacy of Courage 125,Biography Crime
1115,Skybound Friends 257,Animation Drama
1116,Rogue Assault 281,Action Crime Adventure
1117,Realm of Shadows 296,Fantasy
1118,Lost Expedition 90,Adventure Action
1119,House of Screams 73,Horror Family Comedy
1120,Home Together 247,Family
1121,Heart of the House 275,Family Adventure Music
1122,Weekend Chaos 252,Comedy Mystery
1123,The Final Encore 132,Music Adventure Biography
1124,Whispers of You 159,Romance Music Animation
1125,Crimson Night 186,Horror
1126,Laugh Riot 144,Comedy Thriller Action
1127,Midnight Chase 79,Thriller Action
1128,Blood Ledger 5,Crime Family Romance
1129,Home Together 101,Family Thriller Comedy
1130,Heart of the House 233,Family Horror
1131,The Untold Story 184,Biography
1132,Shadow Strike 119,Action Fantasy Family
1133,Melody Within 246,Music
1134,Weekend Chaos 110,Comedy Crime
1135,Jungle Run 77,Adventure
1136,Beyond the Map 147,Adventure Romance Horror
1137,The Untold Story 123,Biography
1138,Home Together 112,Family Comedy
1139,The Haunting Veil 52,Horror
1140,Heart of the House 78,Family
1141,Love Beyond Time 157,Romance Music Action
1142,Magic Paws 160,Animation Mystery Biography
1143,Underworld Pact 196,Crime Comedy Mystery
1144,Weekend Chaos 279,Comedy Family
1145,Love Beyond Time 172,Romance
1146,Eternal Hearts 267,Romance Mystery Family
1147,Enigma Files 153,Mystery Fantasy Drama
1148,Melody Within 65,Music Action Mystery
1149,Legacy of Courage 47,Biography
1150,Rhythm of Life 9,Music Mystery
1151,Fatal Signal 278,Thriller
1152,Lost Expedition 157,Adventure Biography Fantasy
1153,Weekend Chaos 287,Comedy Biography Crime
1154,Echoes in the Dark 49,Horror Family Comedy
1155,Heart of the House 290,Family Romance
1156,Echoes in the Dark 218,Horror
1157,Harmony Road 272,Music Crime Biography
1158,Enigma Files 153,Mystery Sci-Fi Fantasy
1159,Midnight Chase 65,Thriller Drama
1160,Beyond the Map 196,Adventure Action Drama
1161,Crimson Night 16,Horror
1162,Echoes in the Dark 77,Horror
1163,Hidden Truths 126,Drama
1164,Laugh Riot 290,Comedy Mystery
1165,Shadow Strike 201,Action
1166,Underworld Pact 291,Crime Biography Thriller
1167,Crystal Kingdom 16,Fantasy
1168,Enigma Files 281,Mystery
1169,Treasure of Orion 231,Adventure Romance Mystery
1170,Melody Within 17,Music Romance Drama
1171,The Final Encore 139,Music Drama Thriller
1172,City of Lies 292,Crime Drama
1173,Autumn Letters 160,Romance
1174,Underworld Pact 119,Crime
1175,Last Promise 256,Drama Music
1176,Dreamland Tales 165,Animation Adventure Music
1177,Midnight Chase 48,Thriller Biography Mystery
1178,Fatal Signal 240,Thriller Horror
1179,Heart of the House 4,Family Action
1180,Blood Ledger 167,Crime Music
1181,Skybound Friends 125,Animation
1182,Against All Odds 178,Biography
1183,The Golden Summer 217,Family Drama Biography
1184,The Vanishing Code 248,Thriller Biography
1185,Autumn Letters 151,Romance Family Sci-Fi
1186,Shadows of Doubt 3,Mystery Romance Horror
1187,Echoes in the Dark 26,Horror Biography Sci-Fi
1188,Midnight Chase 141,Thriller Drama
1189,Hidden Truths 119,Drama Action
1190,Lost Expedition 21,Adventure Sci-Fi
1191,House of Screams 41,Horror
1192,Lost Expedition 168,Adventure
1193,Midnight Chase 219,Thriller
1194,The Haunting Veil 186,Horror Romance Adventure
1195,Rise of a Visionary 90,Biography Romance
1196,Eternal Hearts 61,Romance Biography
1197,The Hidden Cipher 157,Mystery Animation Crime
1198,Midnight Chase 26,Thriller Fantasy
1199,Realm of Shadows 33,Fantasy
1200,The Hidden Cipher 299,Mystery Fantasy
